policy,episodes,attempts,successes,useful,makespan_units,useful_per_hour,success_per_hour,failed_cost_units,zombie_rate,p95_latency_units,utilization
fifo,240,240,106,106,218.0,1750.4587155963304,1750.4587155963304,1289.0,0.07083333333333333,36.0,0.9415137614678899
retry_only,240,281,116,116,264.0,1581.8181818181818,1581.8181818181818,1561.0,0.0711743772241993,24.0,0.9393939393939394
failure_aware,240,240,106,192,86.0,8037.209302325581,4437.209302325581,307.0,0.0,6.0,0.9593023255813954
